{
    "metadata": {
        "creation_date": "2024-07-23T21:28:04.825155",
        "data_source": "Simulated Data",
        "data_type": "Sales Data",
        "time_period": "Monthly",
        "description": "Simulated sales growth rate data in various regions.",
        "version": "1.0",
        "author": "Data Simulation Tool",
        "tags": [
            "sales",
            "growth rate",
            "monthly"
        ],
        "data_quality": "High",
        "units": "Percentage"
    },
    "data": {
        "months": [
            "January",
            "February",
            "March",
            "April",
            "May",
            "June",
            "July",
            "August",
            "September",
            "October",
            "November",
            "December"
        ],
        "sales_growth_rate": [
            {
                "region": "North America",
                "values": [
                    3.7212363648965043,
                    7.764581242948159,
                    6.308443975530196,
                    5.635685267039952,
                    5.377389104862606,
                    9.99146263009016,
                    3.9387149664463994,
                    5.481626923295059,
                    7.834520938813003,
                    7.3587142773239815,
                    7.753291091190122,
                    5.881416200754605
                ]
            },
            {
                "region": "Europe",
                "values": [
                    5.48933855344938,
                    4.4240359214926634,
                    7.248114169112152,
                    0.9611751015441325,
                    5.571867846732719,
                    3.5845308506579086,
                    7.162642073488871,
                    3.2189842270416875,
                    7.499842160438727,
                    6.607343783132282,
                    3.7894381877580523,
                    6.331318832127098
                ]
            },
            {
                "region": "Asia",
                "values": [
                    5.606071410632112,
                    1.7031212282883192,
                    1.1410598146214006,
                    4.3618918859348375,
                    1.6541413962418081,
                    3.19124867970397,
                    3.9551839326105407,
                    4.100988446334797,
                    4.939045149665114,
                    3.644961099233117,
                    3.0682349718990722,
                    5.300070484641546
                ]
            },
            {
                "region": "South America",
                "values": [
                    1.6328239099393558,
                    4.006790635948166,
                    4.562540948011368,
                    4.251764058115759,
                    3.7869123117081185,
                    0.33959511426752076,
                    3.0286824220454847,
                    3.237051387094928,
                    2.6054146129930875,
                    0.5454253646947936,
                    0.9378243199903737,
                    1.4516712068335968
                ]
            }
        ]
    }
}