{
    "metadata": {
        "creation_date": "2024-07-23T21:28:04.825155",
        "data_source": "Simulated Data",
        "data_type": "Sales Data",
        "time_period": "Monthly",
        "description": "Simulated sales data for units sold in various regions.",
        "version": "1.0",
        "author": "Data Simulation Tool",
        "tags": [
            "sales",
            "units sold",
            "monthly"
        ],
        "data_quality": "High",
        "units": "Units Sold"
    },
    "data": {
        "months": [
            "January",
            "February",
            "March",
            "April",
            "May",
            "June",
            "July",
            "August",
            "September",
            "October",
            "November",
            "December"
        ],
        "units_sold": [
            {
                "region": "North America",
                "values": [
                    1385,
                    1777,
                    1292,
                    1776,
                    1147,
                    1464,
                    1777,
                    1308,
                    1031,
                    1787,
                    1040,
                    1596
                ]
            },
            {
                "region": "Europe",
                "values": [
                    1190,
                    956,
                    1098,
                    1287,
                    1389,
                    904,
                    1006,
                    951,
                    1275,
                    1056,
                    880,
                    1228
                ]
            },
            {
                "region": "Asia",
                "values": [
                    1117,
                    1181,
                    965,
                    1000,
                    874,
                    806,
                    955,
                    888,
                    613,
                    1095,
                    902,
                    890
                ]
            },
            {
                "region": "South America",
                "values": [
                    817,
                    806,
                    651,
                    933,
                    880,
                    879,
                    541,
                    887,
                    724,
                    903,
                    485,
                    704
                ]
            }
        ]
    }
}